,AAPL,MSFT,NVDA,SNPS,ORCL
AAPL,1.0000000000000013,0.7834757084888287,0.7862912666804474,0.7823988683162856,0.747681278297576
MSFT,0.7834757084888287,1.0000000000000016,0.8583387383127351,0.8189263845755209,0.8524651228810275
NVDA,0.7862912666804474,0.8583387383127351,1.0000000000000007,0.8912156665585156,0.8389946672237772
SNPS,0.7823988683162856,0.8189263845755209,0.8912156665585156,1.0000000000000009,0.8468961850489526
ORCL,0.747681278297576,0.8524651228810275,0.8389946672237772,0.8468961850489526,1.0000000000000016
